id,title,image_url,content,url,created_at,latlng
3,Wae Rebo,https://www.indonesia.travel/content/dam/indtravelrevamp/user-generated-content/ugc-july-2020/gb-en/4.jpg,"<p>Covered by thin mist all over the village, Wae Rebo in Flores, East Nusa Tenggara is deservingly holding the title ""the town above the clouds"". Reach this truly fascinating traditional village from Labuan Bajo Airport through Ruteng City and then proceed to Denge Village before trekking for 4 hours to Wae Rebo. ğŸ“¸: <a href=""https://www.instagram.com/backpackertampan/"" rel=""noopener noreferrer"" target=""_blank"">@backpackertampan</a> <a href=""https://www.instagram.com/explore/tags/waerebo/"" rel=""noopener noreferrer"" target=""_blank"">#WaeRebo</a> <a href=""https://www.instagram.com/explore/tags/eastnusatenggara/"" rel=""noopener noreferrer"" target=""_blank"">#EastNusaTenggara</a> <a href=""https://www.instagram.com/explore/tags/indonesia/"" rel=""noopener noreferrer"" target=""_blank"">#Indonesia</a> <a href=""https://www.instagram.com/explore/tags/travel/"" rel=""noopener noreferrer"" target=""_blank"">#Travel</a> <a href=""https://www.instagram.com/explore/tags/wonderfulindonesia/"" rel=""noopener noreferrer"" target=""_blank"">#WonderfulIndonesia</a></p>",https://www.instagram.com/p/CCLXHikgJ3d/,2023-12-14 05:51:59.861172+00,"[-8.66418456766955,120.430755615234]"
9,Kenawa Island,https://www.indonesia.travel/content/dam/indtravelrevamp/user-generated-content/ugc-july-2020/gb-en/10.jpg,"<p>Let this picture from <a href=""https://www.instagram.com/sashajuliard/"" rel=""noopener noreferrer"" target=""_blank"">@sashajuliard</a> virtually transport you to Kenawa Island, West Nusa Tenggara while you keep lying in your bed and <a href=""https://www.instagram.com/explore/tags/stayathome/"" rel=""noopener noreferrer"" target=""_blank"">#StayatHome</a>. Donâ€™t worry. Soon you will be able to feel the tropical breeze touch your skin again. But right now, itâ€™s time to rest for a while and distance ourselves from the outside world while the Earth heals. <a href=""https://www.instagram.com/explore/tags/stayathome/"" rel=""noopener noreferrer"" target=""_blank"">#StayatHome</a> <a href=""https://www.instagram.com/explore/tags/traveltomorrow/"" rel=""noopener noreferrer"" target=""_blank"">#TravelTomorrow</a></p>",https://www.instagram.com/p/CNFNxt1gI2E/,2023-12-14 07:46:34.400283+00,"[-8.49865138931021,116.833049654961]"
1,Kelimutu,https://www.indonesia.travel/content/dam/indtravelrevamp/user-generated-content/ugc-july-2020/gb-en/2.jpg,"<p>Literally translated as ""the boiling lake"", Kelimutu has three craters that apparently change colors and alternating between green, red, and blue which always independent of one another. Located in Flores, East Nusa Tenggara, you can take public transportation from Moni, the closest small town, to get to the parking lot before Kelimutuâ€™s peak. From there, hike to see the otherworldly spectacle from the top of the world. ğŸ“·: <a href=""https://www.instagram.com/thefreedomcomplex/"" rel=""noopener noreferrer"" target=""_blank"">@thefreedomcomplex</a> <a href=""https://www.instagram.com/explore/tags/kelimutu/"" rel=""noopener noreferrer"" target=""_blank"">#Kelimutu</a> <a href=""https://www.instagram.com/explore/tags/eastnusatenggara/"" rel=""noopener noreferrer"" target=""_blank"">#EastNusaTenggara</a> <a href=""https://www.instagram.com/explore/tags/indonesia/"" rel=""noopener noreferrer"" target=""_blank"">#Indonesia</a> <a href=""https://www.instagram.com/explore/tags/travel/"" rel=""noopener noreferrer"" target=""_blank"">#Travel</a> <a href=""https://www.instagram.com/explore/tags/wonderfulindonesia/"" rel=""noopener noreferrer"" target=""_blank"">#WonderfulIndonesia</a></p>",https://www.instagram.com/wonderfulindonesia/,2023-12-14 05:47:04.21066+00,"[-8.70745619043768,122.001285552979]"
6,Pulo Cinta,https://www.indonesia.travel/content/dam/indtravelrevamp/user-generated-content/ugc-july-2020/gb-en/7.jpg,"<p>May this picture of Pulo Cinta in Gorontalo, by <a href=""https://www.instagram.com/backpackertampan/"" rel=""noopener noreferrer"" target=""_blank"">@backpackertampan</a>, remind you that love is still here, holding us together in these difficult times. Let your dearest ones know how much you love them. â€¢ Spark positivity during these hard times by sharing your past moments <a href=""https://www.instagram.com/explore/tags/wheninindonesia/"" rel=""noopener noreferrer"" target=""_blank"">#WheninIndonesia</a> on your social media. Donâ€™t forget to use hashtag <a href=""https://www.instagram.com/explore/tags/wheninindonesia/"" rel=""noopener noreferrer"" target=""_blank"">#WheninIndonesia</a> and mention us <a href=""https://www.instagram.com/indtravel/"" rel=""noopener noreferrer"" target=""_blank"">@indtravel</a> or add hashtag <a href=""https://www.instagram.com/explore/tags/wonderfulindonesia/"" rel=""noopener noreferrer"" target=""_blank"">#WonderfulIndonesia</a> for a chance to be featured. <a href=""https://www.instagram.com/explore/tags/stayathome/"" rel=""noopener noreferrer"" target=""_blank"">#StayatHome</a> <a href=""https://www.instagram.com/explore/tags/traveltomorrow/"" rel=""noopener noreferrer"" target=""_blank"">#TravelTomorrow</a> <a href=""https://www.instagram.com/explore/tags/thoughtfulindonesia/"" rel=""noopener noreferrer"" target=""_blank"">#ThoughtfulIndonesia</a></p>",https://www.instagram.com/wonderfulindonesia/,2023-12-14 07:43:36.921271+00,"[0.477298938067199,122.346410751343]"
7,Mount Bromo,https://www.indonesia.travel/content/dam/indtravelrevamp/user-generated-content/ugc-july-2020/gb-en/8.jpg,"<p>Stood over 2,329 meters above the sea level and situated 35 kilometers away from the city of Malang, Mount Bromo might not be the tallest mountain in the entire Java, but it sure delivers an otherworldly spectacle. Climbing to the summit takes about 20-30 minutes depending on how quickly you can haul yourself up the sandy slope. Dare to try the challenging experience? A friendly reminder before visiting: a healthy lifestyle determines ğŸ“¸: <a href=""https://www.instagram.com/fedorovdmitry/"" rel=""noopener noreferrer"" target=""_blank"">@fedorovdmitry</a> <a href=""https://www.instagram.com/explore/tags/mountbromo/"" rel=""noopener noreferrer"" target=""_blank"">#MountBromo</a> <a href=""https://www.instagram.com/explore/tags/indonesia/"" rel=""noopener noreferrer"" target=""_blank"">#Indonesia</a> <a href=""https://www.instagram.com/explore/tags/travel/"" rel=""noopener noreferrer"" target=""_blank"">#Travel</a> <a href=""https://www.instagram.com/explore/tags/wonderfulindonesia/"" rel=""noopener noreferrer"" target=""_blank"">#WonderfulIndonesia</a></p>",https://www.instagram.com/wonderfulindonesia/,2023-12-14 07:44:31.746056+00,"[-7.94380633752696,112.953100204468]"
5,Raja Ampat,https://www.indonesia.travel/content/dam/indtravelrevamp/user-generated-content/ugc-july-2020/gb-en/6.jpg,"<p>Hereâ€™s a birdâ€™s-eye view picture of Raja Ampat, from <a href=""https://www.instagram.com/thetravelertwins/"" rel=""noopener noreferrer"" target=""_blank"">@thetravelertwins</a>, to inspire you to keep dreaming and never lose hope. The wait is coming to an end. Be a little stronger. Inspire people to make their own <a href=""https://www.instagram.com/explore/tags/indonesiabucketlist/"" rel=""noopener noreferrer"" target=""_blank"">#IndonesiaBucketList</a> by sharing your past travelling moments in Indonesia on your social media. Donâ€™t forget to use hashtag <a href=""https://www.instagram.com/explore/tags/indonesiabucketlist/"" rel=""noopener noreferrer"" target=""_blank"">#IndonesiaBucketList</a> and mention us <a href=""https://www.instagram.com/indtravel/"" rel=""noopener noreferrer"" target=""_blank"">@indtravel</a> or add hashtag <a href=""https://www.instagram.com/explore/tags/wonderfulindonesia/"" rel=""noopener noreferrer"" target=""_blank"">#WonderfulIndonesia</a> for a chance to be featured. <a href=""https://www.instagram.com/explore/tags/traveltomorrow/"" rel=""noopener noreferrer"" target=""_blank"">#TravelTomorrow</a> <a href=""https://www.instagram.com/explore/tags/stayathome/"" rel=""noopener noreferrer"" target=""_blank"">#StayatHome</a> <a href=""https://www.instagram.com/explore/tags/thoughtfulindonesia/"" rel=""noopener noreferrer"" target=""_blank"">#ThoughtfulIndonesia</a></p>",https://www.instagram.com/wonderfulindonesia/,2023-12-14 07:42:35.237016+00,"[-0.263670944336663,130.542297363281]"
13,Borobudur,https://images.unsplash.com/photo-1689904575573-ac10f7edc6f9?w=720,"<p>Witness the beautiful morning light caress the legendary&nbsp;<a href=""https://www.instagram.com/explore/tags/borobudurtemple/"" rel=""noopener noreferrer"" target=""_blank"">#BorobudurTemple</a>!</p><p>Being a part of Indonesiaâ€™s most precious heritage, it's important to preserve the beauty of this magnificent temple. Here, you can discover plenty of interesting wonders. Have you checked out any of them? Tell us in the comments section.</p><p>ğŸ“:&nbsp;<a href=""https://www.instagram.com/explore/tags/magelang/"" rel=""noopener noreferrer"" target=""_blank"">#Magelang</a>,&nbsp;<a href=""https://www.instagram.com/explore/tags/centraljava/"" rel=""noopener noreferrer"" target=""_blank"">#CentralJava</a></p><p>ğŸ“·:&nbsp;<a href=""https://www.instagram.com/740aerialvideography/"" rel=""noopener noreferrer"" target=""_blank"">@740aerialvideography</a></p><p><a href=""https://www.instagram.com/explore/tags/wonderfulindonesia/"" rel=""noopener noreferrer"" target=""_blank"">#WonderfulIndonesia</a></p>",https://www.instagram.com/p/CelQoOGhPuH,2023-12-17 08:01:59.619169+00,"[-7.60800468485983,110.203825235367]"
4,Padar Island,https://www.indonesia.travel/content/dam/indtravelrevamp/user-generated-content/ugc-july-2020/gb-en/5.jpg,"<p>How are you doing? We hope you're holding up strong and waiting to fulfill your desire to travel. Let this picture of Padar Island, by <a href=""https://www.instagram.com/justkay/"" rel=""noopener noreferrer"" target=""_blank"">@justkay</a>, spark your inspiration. It might not be safe to travel right now, but planning for the future is always good. Inspire people to make their own <a href=""https://www.instagram.com/explore/tags/indonesiabucketlist/"" rel=""noopener noreferrer"" target=""_blank"">#IndonesiaBucketList</a> by sharing your past travelling moments in Indonesia on your social media. Donâ€™t forget to use hashtag <a href=""https://www.instagram.com/explore/tags/indonesiabucketlist/"" rel=""noopener noreferrer"" target=""_blank"">#IndonesiaBucketList</a> and mention us <a href=""https://www.instagram.com/indtravel/"" rel=""noopener noreferrer"" target=""_blank"">@indtravel</a> or add hashtag <a href=""https://www.instagram.com/explore/tags/wonderfulindonesia/"" rel=""noopener noreferrer"" target=""_blank"">#WonderfulIndonesia</a> for a chance to be featured. <a href=""https://www.instagram.com/explore/tags/traveltomorrow/"" rel=""noopener noreferrer"" target=""_blank"">#TravelTomorrow</a> <a href=""https://www.instagram.com/explore/tags/stayathome/"" rel=""noopener noreferrer"" target=""_blank"">#StayatHome</a> <a href=""https://www.instagram.com/explore/tags/thoughtfulindonesia/"" rel=""noopener noreferrer"" target=""_blank"">#ThoughtfulIndonesia</a></p>",https://www.instagram.com/wonderfulindonesia/,2023-12-14 07:41:44.695+00,"[-8.66350575737836,119.555797576904]"
10,Kelingking Beach,https://www.indonesia.travel/content/dam/indtravelrevamp/user-generated-content/ugc-july-2020/gb-en/1.jpg,"<p>Witness this rare moment captured by <a href=""https://www.instagram.com/watchluke/"" rel=""noopener noreferrer"" target=""_blank"">@watchluke</a>; a monkey sitting in front of the landscape of Kelingking Beach in Nusa Penida. Nature has a way of showing us some extraordinary sights. So let it heal itself while you stay at home. Inspire people to make their own <a href=""https://www.instagram.com/explore/tags/indonesiabucketlist/"" rel=""noopener noreferrer"" target=""_blank"">#IndonesiaBucketList</a> by sharing your past travelling moments in Indonesia on your social media. Donâ€™t forget to use hashtag <a href=""https://www.instagram.com/explore/tags/indonesiabucketlist/"" rel=""noopener noreferrer"" target=""_blank"">#IndonesiaBucketList</a> and mention us <a href=""https://www.instagram.com/indtravel/"" rel=""noopener noreferrer"" target=""_blank"">@indtravel</a> or add hashtag <a href=""https://www.instagram.com/explore/tags/wonderfulindonesia/"" rel=""noopener noreferrer"" target=""_blank"">#WonderfulIndonesia</a> for a chance to be featured. <a href=""https://www.instagram.com/explore/tags/traveltomorrow/"" rel=""noopener noreferrer"" target=""_blank"">#TravelTomorrow</a> <a href=""https://www.instagram.com/explore/tags/stayathome/"" rel=""noopener noreferrer"" target=""_blank"">#StayatHome</a> <a href=""https://www.instagram.com/explore/tags/thoughtfulindonesia/"" rel=""noopener noreferrer"" target=""_blank"">#ThoughtfulIndonesia</a></p>",https://www.instagram.com/p/CBSvt3PAVsO/,2023-12-14 07:47:53.330654+00,"[-8.7359512161439,115.45509159565]"
12,Mount Sumbing,https://images.unsplash.com/photo-1622635231200-259e6d0e0abb?q=80&w=720,"<p>Take a look at the vibrant foothills of&nbsp;<a href=""https://www.instagram.com/explore/tags/mountsumbing/"" rel=""noopener noreferrer"" target=""_blank"">#MountSumbing</a>&nbsp;and add some colors to your day! Located in&nbsp;<a href=""https://www.instagram.com/explore/tags/kaliangkrik/"" rel=""noopener noreferrer"" target=""_blank"">#Kaliangkrik</a>,&nbsp;<a href=""https://www.instagram.com/explore/tags/magelang/"" rel=""noopener noreferrer"" target=""_blank"">#Magelang</a>,&nbsp;<a href=""https://www.instagram.com/explore/tags/centraljava/"" rel=""noopener noreferrer"" target=""_blank"">#CentralJava</a>, this&nbsp;<a href=""https://www.instagram.com/explore/tags/mountain/"" rel=""noopener noreferrer"" target=""_blank"">#mountain</a>&nbsp;is an active volcano popular among mountain climbers. As can be seen from the picture taken by&nbsp;<a href=""https://www.instagram.com/herufadhill/"" rel=""noopener noreferrer"" target=""_blank"">@herufadhill</a>, incredible scenery surrounds Mount Sumbing. Have you ever explored a mountain surrounded by amazing views in Indonesia? Share your answer in the comments section.</p><p>ğŸ“¸ :&nbsp;<a href=""https://www.instagram.com/herufadhill/"" rel=""noopener noreferrer"" target=""_blank"">@herufadhill</a></p><p><a href=""https://www.instagram.com/explore/tags/wonderfulindonesia/"" rel=""noopener noreferrer"" target=""_blank"" style=""color: rgb(0, 102, 204);"">#WonderfulIndonesia</a></p>",https://www.instagram.com/p/CZT8o7mhogG,2023-12-17 07:39:40.218938+00,"[-7.3820553725106,110.075840950012]"
15,Holbung Hill,https://images.unsplash.com/photo-1591284915748-bc48608e894d?w=500,"<p>Take me to the stunning Holbung Hill, North Sumatra please! This bird's-eye view captured by&nbsp;<a href=""https://www.instagram.com/hadipramono82/"" rel=""noopener noreferrer"" target=""_blank"">@hadipramono82</a>&nbsp;is absolutely breathtaking! Just look at its scenic sky and lush greenery, I'm falling in love already. ğŸ˜ You can catch the incredible sunrise or spend the night gazing at its starry sky. Whichever you prefer, Holbung Hill offers a tranquil escapade!</p><p><a href=""https://www.instagram.com/explore/tags/fromindonesiawithlove/"" rel=""noopener noreferrer"" target=""_blank"">#FromIndonesiawithLove</a>&nbsp;<a href=""https://www.instagram.com/explore/tags/wonderfulindonesia/"" rel=""noopener noreferrer"" target=""_blank"">#WonderfulIndonesia</a></p>",https://www.instagram.com/p/CIp_iTFA-f5/,2023-12-17 08:16:11.704572+00,"[2.53666937211339,98.7018585205078]"
16,Tumpak Sewu,https://images.unsplash.com/photo-1593901138884-02ee723a96f7?w=720,"<p>Java's waterfalls are a place straight out of a movie scene, where cinematic heaven comes to life! ğŸŒŠ</p><p>Each waterfall in Java, with its cascading waters and lush surroundings, feels like stepping onto a film set, where every moment is a frame-worthy spectacle. From hidden gems to majestic drops, Java's waterfalls are a dream for explorers and nature enthusiasts alike.</p><p>Ready to be swept away by their beauty?</p><p>ğŸ“Tumpak Sewu, Lumajang, East Java</p><p><a href=""https://www.instagram.com/explore/tags/wonderfuljourney/"" rel=""noopener noreferrer"" target=""_blank"">#WonderfulJourney</a>&nbsp;<a href=""https://www.instagram.com/explore/tags/wonderfulindonesia/"" rel=""noopener noreferrer"" target=""_blank"">#WonderfulIndonesia</a>&nbsp;<a href=""https://www.instagram.com/explore/tags/javawaterfalls/"" rel=""noopener noreferrer"" target=""_blank"">#JavaWaterfalls</a>&nbsp;<a href=""https://www.instagram.com/explore/tags/cinematicnature/"" rel=""noopener noreferrer"" target=""_blank"">#CinematicNature</a>&nbsp;<a href=""https://www.instagram.com/explore/tags/waterfallwonderland/"" rel=""noopener noreferrer"" target=""_blank"">#WaterfallWonderland</a>&nbsp;ğŸ¥ğŸƒğŸ’¦âœ¨</p>",https://www.instagram.com/p/C0f_RTMBpSJ/,2023-12-17 08:19:54.674482+00,"[-8.15983693386548,112.983055114746]"
17,Bromo Green Hills,https://images.unsplash.com/photo-1580575721984-fe16b6b2a87d?w=720,"<p>The beauty of Mount Bromo is like stepping into a surreal dream. Trekking through its landscapes on horseback, you'll feel as if you've been transported into an old movie scene.</p><p>Did you know that Bromo was chosen as the 3rd most beautiful National Park in the world according to the international travel site called Bounce?</p><p>ğŸ“Bromo Mountain, East Java</p><p><a href=""https://www.instagram.com/explore/tags/wonderfuljourney/"" rel=""noopener noreferrer"" target=""_blank"">#WonderfulJourney</a>&nbsp;<a href=""https://www.instagram.com/explore/tags/wonderfulindonesia/"" rel=""noopener noreferrer"" target=""_blank"">#WonderfulIndonesia</a>&nbsp;<a href=""https://www.instagram.com/explore/tags/bromoadventure/"" rel=""noopener noreferrer"" target=""_blank"">#BromoAdventure</a>&nbsp;<a href=""https://www.instagram.com/explore/tags/epiclandscapes/"" rel=""noopener noreferrer"" target=""_blank"">#EpicLandscapes</a>&nbsp;<a href=""https://www.instagram.com/explore/tags/timelesstravel/"" rel=""noopener noreferrer"" target=""_blank"">#TimelessTravel</a></p>",https://www.instagram.com/p/C0Vy519BZGJ/,2023-12-17 08:25:51.416394+00,"[-7.96335749656092,112.960052490234]"
18,Tabanan Bali,https://images.unsplash.com/photo-1584774148943-0116b853332a?w=720,"<p>Belimbing Village in Tabanan, Bali, is a treasure trove of stunning, untouched rice terraces. ğŸŒ¾ Witness their incredible layers weaving a lush green tapestry. Bali's hidden gem!</p><p>ğŸ“Tabanan, Bali</p><p><a href=""https://www.instagram.com/explore/tags/wonderfuljourney/"" rel=""noopener noreferrer"" target=""_blank"">#WonderfulJourney</a>&nbsp;<a href=""https://www.instagram.com/explore/tags/wonderfulindonesia/"" rel=""noopener noreferrer"" target=""_blank"">#WonderfulIndonesia</a>&nbsp;<a href=""https://www.instagram.com/explore/tags/riceterracebeauty/"" rel=""noopener noreferrer"" target=""_blank"">#RiceTerraceBeauty</a>&nbsp;<a href=""https://www.instagram.com/explore/tags/balihiddengems/"" rel=""noopener noreferrer"" target=""_blank"">#BaliHiddenGems</a>&nbsp;<a href=""https://www.instagram.com/explore/tags/lushgreenlayers/"" rel=""noopener noreferrer"" target=""_blank"">#LushGreenLayers</a></p>",https://www.instagram.com/p/Cz_dpvhBXTH/,2023-12-17 08:30:03.849935+00,"[-8.53977221340963,115.126419067383]"
35,Merapi,https://images.unsplash.com/photo-1535707798491-2303c91896a6?q=80&w=720,"<p>his photo of Mount Merapi&nbsp;is phenomenal! It absolutely captures the power and beauty of this incredible active volcano.</p><p>Weâ€™re glad to be a safe distance back to enjoy this spectacular view of nature in action! ğŸ˜…</p><p>A perfect reminder that&nbsp;<a href=""https://www.instagram.com/explore/tags/wonderfulindonesia/"" rel=""noopener noreferrer"" target=""_blank"">#WonderfulIndonesia</a>&nbsp;isnâ€™t just tropical beaches and beautiful ocean, but also showcases other incredible landscapes.</p>",https://www.instagram.com/p/Cp9R5GchfvG/,2023-12-18 04:59:52.609562+00,"[-7.54153992647478,110.44616818428]"
21,Mentawai Beach,https://images.unsplash.com/photo-1504682066999-90437076f0dd?q=80&w=720,"<p>Have you ever stumbled upon a hidden gem during your travels?</p><p>Welcome to Sabiret Beach in Mentawai, where pristine beaches meet unique landscapes.</p><p>Imagine strolling along the shore, where turquoise waters kiss your feet, and tilted coconut trees create a uniquely picturesque silhouette against the sky.</p><p>Accessible only by boat, this secluded paradise awaits your discovery. ğŸŒ´ğŸŒŠğŸ›¶</p><p>ğŸ“Sabiret Beach, Mentawai, West Sumatra</p><p><a href=""https://www.instagram.com/explore/tags/mentawaimagic/"" rel=""noopener noreferrer"" target=""_blank"">#MentawaiMagic</a>&nbsp;<a href=""https://www.instagram.com/explore/tags/pantaiparadise/"" rel=""noopener noreferrer"" target=""_blank"">#PantaiParadise</a>&nbsp;<a href=""https://www.instagram.com/explore/tags/secludedserenity/"" rel=""noopener noreferrer"" target=""_blank"">#SecludedSerenity</a></p>",https://www.instagram.com/p/CyivuZRhNyx/,2023-12-17 08:42:21.910086+00,"[-1.38139691058791,98.9016723632813]"
23,Merbabu,https://images.unsplash.com/photo-1685360594641-91fb52833b3b?q=80&w=720,"<p>Find serenity amidst nature's splendor at Merbabu Mountain, located in Central Java.</p><p>Let the harmonious murmur of the wind rustling through lush green leaves and the symphonic chirping of birds bring peace to your soul ğŸƒ.</p><p>Embrace the tranquility that rejuvenates both body and spirit as you hike through picturesque landscapes and immerse in the calming ambiance.</p><p>Don't miss this haven of peace on your next adventure.</p><p>ğŸ“Mount Merbabu, Central Java</p><p><a href=""https://www.instagram.com/explore/tags/wonderfulindonesia/"" rel=""noopener noreferrer"" target=""_blank"">#WonderfulIndonesia</a>&nbsp;<a href=""https://www.instagram.com/explore/tags/wonderfuljourney/"" rel=""noopener noreferrer"" target=""_blank"">#WonderfulJourney</a>&nbsp;<a href=""https://www.instagram.com/explore/tags/naturelovers/"" rel=""noopener noreferrer"" target=""_blank"">#NatureLovers</a>&nbsp;<a href=""https://www.instagram.com/explore/tags/serenityseekers/"" rel=""noopener noreferrer"" target=""_blank"">#SerenitySeekers</a>&nbsp;<a href=""https://www.instagram.com/explore/tags/mountainadventures/"" rel=""noopener noreferrer"" target=""_blank"">#MountainAdventures</a></p>",https://www.instagram.com/p/CxcxZsQBQ46/,2023-12-17 09:03:36.129422+00,"[-7.45098595747723,110.439376831055]"
24,Mount Ijen,https://images.unsplash.com/photo-1629735990937-8c24ffd1a413?q=80&w=720,"<p>Greet the day with the transcendent beauty of Mt. Ijenâ€™s morning vistas.</p><p>Here, the earth unveils its potent magic with turquoise-colored acidic crater lakes and ethereal blue flames, creating a tableau of natureâ€™s wonders that are both humbling and awe-inspiring. Set your spirit free in this mesmerizing landscape where adventure meets tranquility.</p><p>An escapade to Mt. Ijen is more than a journey; it's a passage into the sublime, offering an unparalleled communion with the majestic forces of nature. ğŸŒ‹</p><p>ğŸ“Mount Ijen, Banyuwangi, East Java</p><p><a href=""https://www.instagram.com/explore/tags/mtijenmagic/"" rel=""noopener noreferrer"" target=""_blank"">#MtIjenMagic</a>&nbsp;<a href=""https://www.instagram.com/explore/tags/morningviews/"" rel=""noopener noreferrer"" target=""_blank"">#MorningViews</a>&nbsp;<a href=""https://www.instagram.com/explore/tags/turquoiselake/"" rel=""noopener noreferrer"" target=""_blank"">#TurquoiseLake</a>&nbsp;<a href=""https://www.instagram.com/explore/tags/naturalspectacle/"" rel=""noopener noreferrer"" target=""_blank"">#NaturalSpectacle</a>&nbsp;<a href=""https://www.instagram.com/explore/tags/unforgettablejourneys/"" rel=""noopener noreferrer"" target=""_blank"">#UnforgettableJourneys</a>&nbsp;<a href=""https://www.instagram.com/explore/tags/wonderfulindonesia/"" rel=""noopener noreferrer"" target=""_blank"">#WonderfulIndonesia</a>&nbsp;<a href=""https://www.instagram.com/explore/tags/wonderfuljourney/"" rel=""noopener noreferrer"" target=""_blank"">#WonderfulJourney</a></p>",https://www.instagram.com/p/CxPosENBh7D/,2023-12-17 09:05:52.165525+00,"[-8.05850727108773,114.241976737976]"
11,Rinjani Hill,https://images.unsplash.com/photo-1658913572521-9ee54880bf3a?q=80&w=720,"<p>ğŸŒ¿ Transport Yourself to a Prehistoric Paradise on Lombok Island ğŸŒ„</p><p>Uncover the wonders of the Jurassic Park track, where time stands still, and ancient landscapes beckon.</p><p>This is not just a trek; it's a journey through time itself.</p><p>As you venture through this untouched terrain, towering trees will majestically greet you, vibrant green hills will roll as far as the eye can see, and every step will be filled with the thrill of adventure. It's a playground for explorers, hikers, and nature enthusiasts alike.</p><p>Immerse yourself in the lush surroundings, listen to the symphony of the wild, and let the sense of awe wash over you. Capture the moments, create lasting memories, and experience the true essence of nature's majesty. ğŸ¦–</p><p>ğŸ“Mount Rinjani, Lombok, West Nusa Tenggara</p><p><a href=""https://www.instagram.com/explore/tags/wonderfulindonesia/"" rel=""noopener noreferrer"" target=""_blank"">#WonderfulIndonesia</a> <a href=""https://www.instagram.com/explore/tags/wonderfuljourney/"" rel=""noopener noreferrer"" target=""_blank"">#WonderfulJourney</a> <a href=""https://www.instagram.com/explore/tags/jurassicadventure/"" rel=""noopener noreferrer"" target=""_blank"">#JurassicAdventure</a></p>",https://www.instagram.com/p/CxMqXsxBHe9/,2023-12-17 09:10:30.546723+00,"[-8.37863790735025,116.473960876465]"
26,Mupu Rice Terrace,https://images.unsplash.com/photo-1698264779283-c4579c3dace1?q=80&w=720,"<p>Explore Mupu Rice Terrace in Ubud: tiered green expanses cascading up hills, where the fresh air awakens the senses.</p><p>This untouched beauty outshines famed neighbors like Tegallalang and Alas Harum.</p><p>Enjoy pristine views by 8 am, breathe in pure oxygen, and bask in the warmth of local hospitality.</p><p>Who needs photo edits when the reality is this stunning? ğŸŒ¾</p><p>ğŸ“Mupu Rice Terrace, Tegallalang, Bali</p><p><a href=""https://www.instagram.com/explore/tags/wonderfulindonesia/"" rel=""noopener noreferrer"" target=""_blank"">#WonderfulIndonesia</a>&nbsp;<a href=""https://www.instagram.com/explore/tags/wonderfuljourney/"" rel=""noopener noreferrer"" target=""_blank"">#WonderfulJourney</a>&nbsp;<a href=""https://www.instagram.com/explore/tags/ubudhiddengems/"" rel=""noopener noreferrer"" target=""_blank"">#UbudHiddenGems</a>&nbsp;<a href=""https://www.instagram.com/explore/tags/natureawakens/"" rel=""noopener noreferrer"" target=""_blank"">#NatureAwakens</a>&nbsp;<a href=""https://www.instagram.com/explore/tags/riceterracedreams/"" rel=""noopener noreferrer"" target=""_blank"">#RiceTerraceDreams</a></p>",https://www.instagram.com/p/CwR27ibuBvi/,2023-12-17 10:37:53.45727+00,"[-8.43000783796156,115.32039642334]"
25,99 Domes Mosque,https://images.unsplash.com/photo-1667665061698-461f304cbfa5?q=80&w=720,"<p>Prepare to be awe-inspired by the architectural marvel of 99 Domes Mosque in Makassar! ğŸ˜²ğŸ•Œ</p><p>This magnificent mosque boasts an incredible 99 domes intricately arranged in a mesmerizing pattern. It's not just a place for prayer; it's a vibrant hub for community gatherings, cultural events, and learning. ğŸŒŸ</p><p>This is the beauty of Makassar and its architectural gem.</p><p>Don't miss this wonder!</p><p>ğŸ“99 Domes Mosque, Makassar, South Sulawesi</p><p><a href=""https://www.instagram.com/explore/tags/exploremakassar/"" rel=""noopener noreferrer"" target=""_blank"">#ExploreMakassar</a>&nbsp;<a href=""https://www.instagram.com/explore/tags/architecturalwonder/"" rel=""noopener noreferrer"" target=""_blank"">#ArchitecturalWonder</a>&nbsp;<a href=""https://www.instagram.com/explore/tags/wonderfulindonesia/"" rel=""noopener noreferrer"" target=""_blank"">#WonderfulIndonesia</a>&nbsp;<a href=""https://www.instagram.com/explore/tags/wonderfultravel/"" rel=""noopener noreferrer"" target=""_blank"">#WonderfulTravel</a></p>",https://www.instagram.com/p/CxKGzA9he6s/,2023-12-17 09:07:59.749034+00,"[-5.14381885480502,119.404107928276]"
29,Sembalun,https://images.unsplash.com/photo-1599372477648-bc918851435b?q=80&w=720,"<p>Join us on a sky-high journey over Indonesia's vibrant agricultural landscapes.</p><p>From up above, the patchwork of colorful fields unfolds like an artist's palette, blending shades of emerald green, gold, and russet into a stunning tableau. Each parcel tells a tale of labor, love, and the bountiful gifts of the earth.</p><p>Celebrate the harmonious interplay of nature and agriculture that paints our beautiful homeland.</p><p>ğŸ“Sembalun, East Lombok, West Nusa Tenggara</p><p><a href=""https://www.instagram.com/explore/tags/indonesiafromabove/"" rel=""noopener noreferrer"" target=""_blank"">#IndonesiaFromAbove</a>&nbsp;<a href=""https://www.instagram.com/explore/tags/agriculturalartistry/"" rel=""noopener noreferrer"" target=""_blank"">#AgriculturalArtistry</a>&nbsp;<a href=""https://www.instagram.com/explore/tags/wonderfulindonesia/"" rel=""noopener noreferrer"" target=""_blank"">#WonderfulIndonesia</a>&nbsp;<a href=""https://www.instagram.com/explore/tags/wonderfuljourney/"" rel=""noopener noreferrer"" target=""_blank"">#WonderfulJourney</a></p>",https://www.instagram.com/p/CultcPXhaKL/,2023-12-17 10:44:53.209598+00,"[-8.35418173620506,116.534729003906]"
31,Pura Ulun Danu Beratan,https://images.unsplash.com/photo-1653189382464-25302f3e7409?q=80&w=720,"<p>The linking theme? They all look spectacular!</p><p>If this doesnâ€™t get your urge to visit fired up, I donâ€™t know what will!</p><p>Itâ€™s a hard choice, but which one of these is your favorite?</p><p>ğŸ“Pura Ulun Danu Beratan, Tabanan, Bali</p><p>Keep in mind to always maintain politeness and be an orderly and responsible tourist.</p>",https://www.instagram.com/p/CtTYw0hBOLc/,2023-12-18 04:39:09.185331+00,"[-8.27554329405232,115.16626060009]"
32,Tanjung Aan,https://images.unsplash.com/photo-1669901296759-2d44b1227403?q=80&w=720,"<p>The dramatic sweeping line of the beach and coast atğŸ“ Tanjung Aan Beach, Lombok are captured in this aerial shot by&nbsp;<a href=""https://www.instagram.com/tur.ojak/"" rel=""noopener noreferrer"" target=""_blank"">@tur.ojak</a></p><p>Miles of spectacular coastline, all waiting to be explored.</p><p>So pack your swimsuit and your walking shoes. Itâ€™s time for you to start experiencing&nbsp;<a href=""https://www.instagram.com/explore/tags/wonderfulindonesia/"" rel=""noopener noreferrer"" target=""_blank"">#WonderfulIndonesia</a></p>",https://www.instagram.com/p/Csd7lYKB3-0/,2023-12-18 04:43:51.539046+00,"[-8.91035200907954,116.328708529472]"
33,Nihiwatu Beach,https://images.unsplash.com/photo-1678150913309-cbebdf17d804?q=80&w=720,"<p>Enjoy an aerial shot of ğŸ“ Nihiwatu Beach, East Nusa Tenggara in rich colours and glorious slow motion.</p><p>With this clip&nbsp;<a href=""https://www.instagram.com/alifeiimagined/"" rel=""noopener noreferrer"" target=""_blank"">@alifeiimagined</a>&nbsp;has not just captured the stunning beauty of this stretch of beach, but also the sensation of being thereâ€¦ of how time slows down, and your body relaxes and learns to breathe deeply again.</p><p>Just another magical slice of&nbsp;<a href=""https://www.instagram.com/explore/tags/wonderfulindonesia/"" rel=""noopener noreferrer"" target=""_blank"">#WonderfulIndonesia</a>&nbsp;thatâ€™s waiting for you!</p>",https://www.instagram.com/p/CsVjSrShww8/,2023-12-18 04:49:12.632034+00,"[-9.77108522924184,119.371519088745]"
2,Prambanan Temple,https://www.indonesia.travel/content/dam/indtravelrevamp/user-generated-content/ugc-july-2020/gb-en/3.jpg,"<p>This picture taken by <a href=""https://www.instagram.com/furstset/"" rel=""noopener noreferrer"" target=""_blank"">@furstset</a> shows the 47-meter-tall majestic Prambanan Temple in Yogyakarta. This temple is easy to get to; simply take a bus from Tugu Train Station or Halte Malioboro 1. Dream big. Never stop believing. The Earth is gradually healing. We are waiting for the best time for you to come and visit us. Inspire people to make their own <a href=""https://www.instagram.com/explore/tags/indonesiabucketlist/"" rel=""noopener noreferrer"" target=""_blank"">#IndonesiaBucketList</a> by sharing your past travelling moments in Indonesia on your social media. Donâ€™t forget to use hashtag <a href=""https://www.instagram.com/explore/tags/indonesiabucketlist/"" rel=""noopener noreferrer"" target=""_blank"">#IndonesiaBucketList</a> and mention us <a href=""https://www.instagram.com/indtravel/"" rel=""noopener noreferrer"" target=""_blank"">@indtravel</a> or add hashtag <a href=""https://www.instagram.com/explore/tags/wonderfulindonesia/"" rel=""noopener noreferrer"" target=""_blank"">#WonderfulIndonesia</a> for a chance to be featured. <a href=""https://www.instagram.com/explore/tags/traveltomorrow/"" rel=""noopener noreferrer"" target=""_blank"">#TravelTomorrow</a> <a href=""https://www.instagram.com/explore/tags/stayathome/"" rel=""noopener noreferrer"" target=""_blank"">#StayatHome</a> <a href=""https://www.instagram.com/explore/tags/thoughtfulindonesia/"" rel=""noopener noreferrer"" target=""_blank"">#ThoughtfulIndonesia</a></p>",https://www.instagram.com/wonderfulindonesia/,2023-12-14 05:49:11.075918+00,"[-7.74985980235277,110.492763519287]"
8,Komodo National Park,https://www.indonesia.travel/content/dam/indtravelrevamp/user-generated-content/ugc-july-2020/gb-en/9.jpg,"<p>We understand that one needs a lot of patience to remain indoors and avoid traveling at this moment. But your strong patience is whatâ€™s needed the most to make this world safe to travel again. Although the site is still temporarily closed, let us add the beauty of Komodo National Park in East Nusa Tenggara to your timeline in the hope that it positively inspires you to create a <a href=""https://www.instagram.com/explore/tags/traveltomorrow/"" rel=""noopener noreferrer"" target=""_blank"">#TravelTomorrow</a> wishlist. ğŸ“¸: <a href=""https://www.instagram.com/van_taylan/"" rel=""noopener noreferrer"" target=""_blank"">@van_taylan</a> â€¢ â€¢ Spark positivity during these hard times by sharing your past moments <a href=""https://www.instagram.com/explore/tags/wheninindonesia/"" rel=""noopener noreferrer"" target=""_blank"">#WheninIndonesia</a> on your social media. Donâ€™t forget to use hashtag <a href=""https://www.instagram.com/explore/tags/wheninindonesia/"" rel=""noopener noreferrer"" target=""_blank"">#WheninIndonesia</a> and mention us <a href=""https://www.instagram.com/indtravel/"" rel=""noopener noreferrer"" target=""_blank"">@indtravel</a> or add hashtag <a href=""https://www.instagram.com/explore/tags/wonderfulindonesia/"" rel=""noopener noreferrer"" target=""_blank"">#WonderfulIndonesia</a> for a chance to be featured. <a href=""https://www.instagram.com/explore/tags/stayathome/"" rel=""noopener noreferrer"" target=""_blank"">#StayatHome</a> <a href=""https://www.instagram.com/explore/tags/thoughtfulindonesia/"" rel=""noopener noreferrer"" target=""_blank"">#ThoughtfulIndonesia</a></p>",https://www.instagram.com/wonderfulindonesia/,2023-12-14 07:45:41.330538+00,"[-8.55657790199829,119.477005004883]"
14,Gili Meno,https://images.unsplash.com/photo-1631102402719-da270e2af411?w=720,"<p>Time for an underwater adventure in Gili Meno, Lombok! Take a closer look at Lombokâ€™s marine life and impressive underwater sculptures. This magnificent view of Gili Meno is nothing less than paradise. We canâ€™t stop daydreaming about it! How about you? Which destination in Indonesia are you daydreaming about right now?</p><p><a href=""https://www.instagram.com/explore/tags/fromindonesiawithlove/"" rel=""noopener noreferrer"" target=""_blank"">#FromIndonesiawithLove</a>&nbsp;<a href=""https://www.instagram.com/explore/tags/wonderfulindonesia/"" rel=""noopener noreferrer"" target=""_blank"">#WonderfulIndonesia</a>&nbsp;<a href=""https://www.instagram.com/explore/tags/tripofwonders/"" rel=""noopener noreferrer"" target=""_blank"">#TripofWonders</a>&nbsp;<a href=""https://www.instagram.com/explore/tags/indonesiabucketlist/"" rel=""noopener noreferrer"" target=""_blank"">#IndonesiaBucketList</a></p>",https://www.instagram.com/p/CINuJ6tA_sN/,2023-12-17 08:10:42.303179+00,"[-8.35072123391789,116.057145595551]"
19,Mount Rinjani,https://images.unsplash.com/photo-1698267703889-06c41f9acba5?w=720,"<p>Waking up to the stunning views of Mount Rinjani in Senaru is like stepping into a dream! ğŸŒ…ğŸŒ¿ Every glimpse of Lombok's awe-inspiring landscapes makes you feel like the world's luckiest traveler. Huge kudos to&nbsp;<a href=""https://www.instagram.com/ridho_f.h/"" rel=""noopener noreferrer"" target=""_blank"">@ridho_f.h</a>&nbsp;for perfectly capturing this slice of paradise. Get ready to add this spot to your must-visit list! ğŸ˜ğŸ—ºï¸</p><p>ğŸ“Mount Rinjani, Lombok, West Nusa Tenggara</p><p><a href=""https://www.instagram.com/explore/tags/wonderfuljourney/"" rel=""noopener noreferrer"" target=""_blank"">#WonderfulJourney</a>&nbsp;<a href=""https://www.instagram.com/explore/tags/wonderfulindonesia/"" rel=""noopener noreferrer"" target=""_blank"">#WonderfulIndonesia</a>&nbsp;<a href=""https://www.instagram.com/explore/tags/mountrinjanimagic/"" rel=""noopener noreferrer"" target=""_blank"">#MountRinjaniMagic</a>&nbsp;<a href=""https://www.instagram.com/explore/tags/bucketlistadventures/"" rel=""noopener noreferrer"" target=""_blank"">#BucketListAdventures</a>&nbsp;<a href=""https://www.instagram.com/explore/tags/naturephotographyjoy/"" rel=""noopener noreferrer"" target=""_blank"">#NaturePhotographyJoy</a>&nbsp;ğŸ”ï¸âœˆï¸ğŸ“¸ Let the adventure begin!</p>",https://www.instagram.com/p/Cz50DiShViC/,2023-12-17 08:33:50.044818+00,"[-8.42245136625541,116.47533416748]"
20,Pronojiwo,https://images.unsplash.com/photo-1642084061764-362276488160?w=720,"<p>Whisked away by the serene beauty of Pronojiwo, where the towering pines stand guard, enhancing the majestic Semeru in the backdrop. ğŸŒ²ğŸï¸</p><p>A haven tucked at the foot of Mount Semeru, Java, it's a spectacle where nature's finest elements converge to craft breathtaking scenes that stir souls.</p><p>As the sunset paints the sky with mesmerizing hues, it's a moment to pause, reflect, and bask in Indonesia's splendid nature. While the climb to Semeru might be a future adventure, Pronojiwo's charm is ever-present, awaiting your presence to explore its tranquility and marvel at distant, yet so vivid, Semeru. ğŸŒ…ğŸƒ</p><p>ğŸ“Pronojiwo, Lumajang, East Java</p><p><a href=""https://www.instagram.com/explore/tags/pronojiwoparadise/"" rel=""noopener noreferrer"" target=""_blank"">#PronojiwoParadise</a>&nbsp;<a href=""https://www.instagram.com/explore/tags/semeruserenity/"" rel=""noopener noreferrer"" target=""_blank"">#SemeruSerenity</a>&nbsp;<a href=""https://www.instagram.com/explore/tags/javanesejewel/"" rel=""noopener noreferrer"" target=""_blank"">#JavaneseJewel</a>&nbsp;<a href=""https://www.instagram.com/explore/tags/wonderfulindonesia/"" rel=""noopener noreferrer"" target=""_blank"">#WonderfulIndonesia</a>&nbsp;<a href=""https://www.instagram.com/explore/tags/wonderfuljourney/"" rel=""noopener noreferrer"" target=""_blank"">#WonderfulJourney</a></p>",https://www.instagram.com/p/Cykt313BUTW/,2023-12-17 08:39:42.616681+00,"[-8.21624753515587,112.947006225586]"
22,Nusa Penida,https://images.unsplash.com/photo-1604500693431-647f9e76dafc?q=80&w=720,"<p>Bask in the brilliance of Diamond Beach, Nusa Penida during your visit for the 2023 High Level Meeting of the AIS Forum in Bali, 10-11 October! ğŸ–ï¸</p><p>A jewel of Indonesia, its stunning cliffs and azure waters are a must-see.</p><p>ğŸ“Diamond Beach, Nusa Penida, Indonesia</p><p><a href=""https://www.instagram.com/explore/tags/kttais2023/"" rel=""noopener noreferrer"" target=""_blank"">#KTTAIS2023</a>&nbsp;<a href=""https://www.instagram.com/explore/tags/wonderfulindonesia/"" rel=""noopener noreferrer"" target=""_blank"">#WonderfulIndonesia</a>&nbsp;<a href=""https://www.instagram.com/explore/tags/creativebyindonesia/"" rel=""noopener noreferrer"" target=""_blank"">#CreativebyIndonesia</a>&nbsp;<a href=""https://www.instagram.com/explore/tags/kttaisforum2023/"" rel=""noopener noreferrer"" target=""_blank"">#KTTAISForum2023</a>&nbsp;</p><p><a href=""https://www.instagram.com/explore/tags/hlmaisforum2023/"" rel=""noopener noreferrer"" target=""_blank"">#HLMAISForum2023</a>&nbsp;<a href=""https://www.instagram.com/explore/tags/ouroceanourfuture/"" rel=""noopener noreferrer"" target=""_blank"">#OurOceanOurFuture</a>&nbsp;<a href=""https://www.instagram.com/explore/tags/wonderfulindonesia/"" rel=""noopener noreferrer"" target=""_blank"">#WonderfulIndonesia</a>&nbsp;<a href=""https://www.instagram.com/explore/tags/wonderfuljourney/"" rel=""noopener noreferrer"" target=""_blank"">#WonderfulJourney</a></p>",https://www.instagram.com/p/CySw4g7B8Wv/,2023-12-17 08:45:28.108166+00,"[-8.74749919451425,115.534629821777]"
27,Komodo Island,https://images.unsplash.com/photo-1571366343168-631c5bcca7a4?q=80&w=720,"<p>Immerse yourself in the wonders of nature at Komodo Island.</p><p>Gaze upon the unique blush sands of the Pink Beach and watch as nimble deer dart into the azure sea, a dramatic escape from the island's resident Komodo dragons.</p><p>It's a spectacle of survival and beauty, intertwining to create a moment that stays with you long after your footprints fade from the pink sand.</p><p>ğŸ“Komodo Island, East Nusa Tenggara</p><p><a href=""https://www.instagram.com/explore/tags/wonderfulindonesia/"" rel=""noopener noreferrer"" target=""_blank"">#WonderfulIndonesia</a>&nbsp;<a href=""https://www.instagram.com/explore/tags/wonderfuljourney/"" rel=""noopener noreferrer"" target=""_blank"">#WonderfulJourney</a>&nbsp;<a href=""https://www.instagram.com/explore/tags/naturespectacle/"" rel=""noopener noreferrer"" target=""_blank"">#NatureSpectacle</a>&nbsp;<a href=""https://www.instagram.com/explore/tags/pinkbeach/"" rel=""noopener noreferrer"" target=""_blank"">#PinkBeach</a>&nbsp;<a href=""https://www.instagram.com/explore/tags/domodoisland/"" rel=""noopener noreferrer"" target=""_blank"">#DomodoIsland</a>&nbsp;<a href=""https://www.instagram.com/explore/tags/travelmemories/"" rel=""noopener noreferrer"" target=""_blank"">#TravelMemories</a></p>",https://www.instagram.com/p/CvMgJUPBZz3/,2023-12-17 10:41:14.314049+00,"[-8.56133089156368,119.467391967773]"
28,Misool Raja Ampat,https://images.unsplash.com/photo-1637060548964-f064b88cd344?q=80&w=720,"<p>Experience serene island living at Yapap Homestay, nestled over the tranquil waters of Misool, Raja Ampat.</p><p>Accessible by a twice-weekly overnight ferry from Sorong, followed by a local boat ride, this secluded paradise offers the ultimate retreat. Wake up to the soothing sound of waves and panoramic views of the ocean right from your overwater bungalow. There's truly no better way to immerse yourself in Indonesia's stunning natural beauty. ğŸš¤ğŸï¸</p><p>Did you know that Raja Ampat has been officially designated as one of the UNESCO Global Geoparks</p><p>ğŸ“ Yapap Homestay, Misool, Raja Ampat, Southwest Papua</p><p><a href=""https://www.instagram.com/explore/tags/rajaampat/"" rel=""noopener noreferrer"" target=""_blank"">#RajaAmpat</a>&nbsp;<a href=""https://www.instagram.com/explore/tags/paradiseunveiled/"" rel=""noopener noreferrer"" target=""_blank"">#ParadiseUnveiled</a>&nbsp;<a href=""https://www.instagram.com/explore/tags/islandlife/"" rel=""noopener noreferrer"" target=""_blank"">#IslandLife</a>&nbsp;<a href=""https://www.instagram.com/explore/tags/wonderfulindonesia/"" rel=""noopener noreferrer"" target=""_blank"">#WonderfulIndonesia</a>&nbsp;<a href=""https://www.instagram.com/explore/tags/wonderfuljourney/"" rel=""noopener noreferrer"" target=""_blank"">#WonderfulJourney</a>&nbsp;<a href=""https://www.instagram.com/explore/tags/globalgeopark/"" rel=""noopener noreferrer"" target=""_blank"">#globalgeopark</a></p>",https://www.instagram.com/p/Curl0UthhfM/,2023-12-17 10:43:00.198499+00,"[-1.88964909892255,130.132369995117]"
30,Samosir Island,https://images.unsplash.com/photo-1539506804349-39613ff7dec0?q=80&w=720,"<p>Experience the serene enchantment of Samosir Island, an emerald gem nestled within the sapphire beauty of Lake Toba. ğŸï¸</p><p>As you traverse this idyllic island, allow the vibrant canvas of lush greenery to unfold before your eyes, wrapping you in its peaceful embrace.</p><p>Samosir Island isn't just a destination; it's a journey into a world where nature reigns supreme, and every sight, sound, and scent is a testament to its unrivalled splendor.</p><p>ğŸ“Samosir Island, Toba Lake, North Sumatra</p><p><a href=""https://www.instagram.com/explore/tags/samosirserenity/"" rel=""noopener noreferrer"" target=""_blank"">#SamosirSerenity</a>&nbsp;<a href=""https://www.instagram.com/explore/tags/laketobatranquility/"" rel=""noopener noreferrer"" target=""_blank"">#LakeTobaTranquility</a>&nbsp;<a href=""https://www.instagram.com/explore/tags/wonderfulindonesia/"" rel=""noopener noreferrer"" target=""_blank"">#WonderfulIndonesia</a>&nbsp;<a href=""https://www.instagram.com/explore/tags/wonderfuljourney/"" rel=""noopener noreferrer"" target=""_blank"">#WonderfulJourney</a></p>",https://www.instagram.com/p/CuWAIBnhjpK/,2023-12-17 10:48:09.780028+00,"[2.57765558583831,98.8126659393311]"
34,Semeru,https://images.unsplash.com/photo-1535968881874-0c39f1503640?q=80&w=720,"<p>Take a look at this breathtaking view of&nbsp;<a href=""https://www.instagram.com/explore/tags/mountsemeru/"" rel=""noopener noreferrer"" target=""_blank"">#MountSemeru</a>, one of Indonesia's most&nbsp;<a href=""https://www.instagram.com/explore/tags/activevolcanoes/"" rel=""noopener noreferrer"" target=""_blank"">#ActiveVolcanoes</a>!</p><p>If you're an adventure seeker, a climb up this&nbsp;<a href=""https://www.instagram.com/explore/tags/magnificentmountain/"" rel=""noopener noreferrer"" target=""_blank"">#MagnificentMountain</a>&nbsp;should be on your bucket list. However, it's important to note that this climb is not for the faint of heart and is only recommended for thrill seekers. ğŸ’ª From the summit, you'll be rewarded with breathtaking panoramic views of the surrounding landscape. ğŸ—»</p><p>So, pack your bags and get ready for an unforgettable experience! And don't forget to snap some photos to share with the world.&nbsp;<a href=""https://www.instagram.com/explore/tags/indonesianadventures/"" rel=""noopener noreferrer"" target=""_blank"">#IndonesianAdventures</a>&nbsp;<a href=""https://www.instagram.com/explore/tags/wonderfulindonesi/"" rel=""noopener noreferrer"" target=""_blank"">#WonderfulIndonesi</a></p>",https://www.instagram.com/p/CqM_8d-PwDi/,2023-12-18 04:57:03.065163+00,"[-8.1098763165233,112.922801971436]"